"file","bytes","md5"
"report.md",2665,"03326734d0645eacb3a9ae357ab7b330"
"metrics.csv",803,"e873d21e5dc2ab0bf227ad5de824e9d1"
"validation_metrics.csv",1756,"4a22648ba53211ba3f80ef9952035df0"
"selected_parameters.csv",188,"c48a2b6bd0e36e51711af8ed744d0d19"
"subgroup_metrics.csv",5395,"bd3bd44c5ad4143151789583363d595d"
"data_audit.csv",401,"22cc9f2e8c9a82064d35a622d69904dc"
"input_manifest.csv",340,"65dbdf8a9b7073b9a2ba017073d7a506"
"source_manifest.csv",223,"796a1ac9ebb59b94a86c3b4926e7e069"
"package_versions.csv",101,"c144829874c94e111491c0edcdd2edb4"
"run_config.txt",361,"64ae69b75b963377527c43c78893bde0"
"warnings.txt",59,"f1946811dc556b0e7fdbcf3ab6fd4844"
"unseen_categories.csv",389,"4d66b033255d02ef87ce6345dc298b1b"
"model_comparison.png",69764,"bcdd8c855ab8cd607821bce5a3e8a61c"
"roc_curves.png",60694,"4f6e7aa544e6da8232e75863751449de"
"README.md",680,"4539e0e49b16aae046194ca822d0af78"
