"model","attribute","group","n","accuracy","balanced_accuracy","precision","recall","specificity","f1","roc_auc","tp","tn","fp","fn"
"majority","sex","Female",5414,0.891207979312893,0.5,,0,1,0,0.5,0,4825,0,589
"majority","sex","Male",10841,0.70011991513698,0.5,,0,1,0,0.5,0,7590,0,3251
"majority","race","Amer-Indian-Eskimo",159,0.880503144654088,0.5,,0,1,0,0.5,0,140,0,19
"majority","race","Asian-Pac-Islander",479,0.722338204592902,0.5,,0,1,0,0.5,0,346,0,133
"majority","race","Black",1560,0.885897435897436,0.5,,0,1,0,0.5,0,1382,0,178
"majority","race","Other",135,0.814814814814815,0.5,,0,1,0,0.5,0,110,0,25
"majority","race","White",13922,0.74967677057894,0.5,,0,1,0,0.5,0,10437,0,3485
"logistic","sex","Female",5414,0.929442186922793,0.752484319607308,0.750605326876513,0.526315789473684,0.978652849740933,0.6187624750499,0.927625992944923,310,4722,103,279
"logistic","sex","Male",10841,0.81440826492021,0.757202141917213,0.72486388384755,0.61427253152876,0.900131752305665,0.665001665001665,0.880249393213966,1997,6832,758,1254
"logistic","race","Amer-Indian-Eskimo",159,0.905660377358491,0.650751879699248,0.75,0.315789473684211,0.985714285714286,0.444444444444444,0.956766917293233,6,138,2,13
"logistic","race","Asian-Pac-Islander",479,0.84133611691023,0.783715068016863,0.743589743589744,0.654135338345865,0.913294797687861,0.696,0.889564952844539,87,316,30,46
"logistic","race","Black",1560,0.912820512820513,0.728101269939349,0.659090909090909,0.48876404494382,0.967438494934877,0.561290322580645,0.92670612530285,87,1337,45,91
"logistic","race","Other",135,0.866666666666667,0.670909090909091,0.818181818181818,0.36,0.981818181818182,0.5,0.954181818181818,9,108,2,16
"logistic","race","White",13922,0.845639994253699,0.766410872146866,0.730344827586207,0.607747489239598,0.925074255054134,0.663429913860611,0.89970563285431,2118,9655,782,1367
"tree","sex","Female",5414,0.930550424824529,0.747143925332301,0.772378516624041,0.512733446519525,0.981554404145078,0.616326530612245,0.865279520043632,302,4736,89,287
"tree","sex","Male",10841,0.823171294161055,0.750975356118255,0.780723905723906,0.570593663488158,0.931357048748353,0.659321130264795,0.871743162841554,1855,7069,521,1396
"tree","race","Amer-Indian-Eskimo",159,0.937106918238994,0.782330827067669,0.846153846153846,0.578947368421053,0.985714285714286,0.6875,0.940413533834586,11,138,2,8
"tree","race","Asian-Pac-Islander",479,0.812108559498956,0.763483854144031,0.66412213740458,0.654135338345865,0.872832369942196,0.659090909090909,0.848689643183102,87,302,44,46
"tree","race","Black",1560,0.917948717948718,0.730995625945137,0.701612903225806,0.48876404494382,0.973227206946454,0.576158940397351,0.913803476479292,87,1345,37,91
"tree","race","Other",135,0.888888888888889,0.730909090909091,0.857142857142857,0.48,0.981818181818182,0.615384615384615,0.936545454545455,12,108,2,13
"tree","race","White",13922,0.852751041517023,0.756054259560231,0.788732394366197,0.562410329985653,0.949698189134809,0.656616415410385,0.882955311977075,1960,9912,525,1525
"forest","sex","Female",5414,0.932582194311045,0.761698672554694,0.769230769230769,0.543293718166384,0.980103626943005,0.63681592039801,0.921478399324402,320,4729,96,269
"forest","sex","Male",10841,0.829812747901485,0.771016985145748,0.765082956259427,0.624115656721009,0.917918313570487,0.687447060816534,0.87096221330905,2029,6967,623,1222
"forest","race","Amer-Indian-Eskimo",159,0.918238993710692,0.726127819548872,0.75,0.473684210526316,0.978571428571429,0.580645161290323,0.927443609022556,9,137,3,10
"forest","race","Asian-Pac-Islander",479,0.843423799582463,0.79210309009518,0.737704918032787,0.676691729323308,0.907514450867052,0.705882352941177,0.888217653961493,90,314,32,43
"forest","race","Black",1560,0.925641025641026,0.75246751979707,0.746031746031746,0.528089887640449,0.97684515195369,0.618421052631579,0.919565765296997,94,1350,32,84
"forest","race","Other",135,0.874074074074074,0.675454545454546,0.9,0.36,0.990909090909091,0.514285714285714,0.948181818181818,9,109,1,16
"forest","race","White",13922,0.857132595891395,0.776847310549091,0.767333809864189,0.616068866571019,0.937625754527163,0.683431481776222,0.888693464331799,2147,9786,651,1338
"svm","sex","Female",5414,0.929811599556705,0.755672651459838,0.749403341288783,0.533106960950764,0.978238341968912,0.623015873015873,0.929422662455906,314,4720,105,275
"svm","sex","Male",10841,0.814223780094087,0.754432709262661,0.729328883945124,0.605044601661027,0.903820816864295,0.661398789509079,0.877865126327807,1967,6860,730,1284
"svm","race","Amer-Indian-Eskimo",159,0.905660377358491,0.673496240601504,0.7,0.368421052631579,0.978571428571429,0.482758620689655,0.949624060150376,7,137,3,12
"svm","race","Asian-Pac-Islander",479,0.835073068893528,0.781694119692294,0.721311475409836,0.661654135338346,0.901734104046243,0.690196078431373,0.891173019253336,88,312,34,45
"svm","race","Black",1560,0.908974358974359,0.716141725881722,0.638461538461538,0.466292134831461,0.965991316931983,0.538961038961039,0.922628823232898,83,1335,47,95
"svm","race","Other",135,0.881481481481482,0.710909090909091,0.846153846153846,0.44,0.981818181818182,0.578947368421053,0.945454545454545,11,108,2,14
"svm","race","White",13922,0.846142795575348,0.764261513605786,0.736360436466033,0.600286944045911,0.928236083165661,0.661397407524502,0.898533415427318,2092,9688,749,1393
