"model","bin","n","n_positive","mean_probability","observed_rate","lower","upper"
"majority",3,16255,3840,"0.2409257153394597","0.23623500461396493","0.22976789701554778","0.24282675115060931"
"logistic",1,7943,186,"0.026244724411686886","0.023416845020773007","0.020314419422249659","0.026980025895207163"
"logistic",2,1878,294,"0.14686850886291561","0.15654952076677317","0.14081795639444841","0.17368327645201428"
"logistic",3,1406,380,"0.24759226649432078","0.27027027027027029","0.24770619158532958","0.29408625893576179"
"logistic",4,1035,354,"0.34721798943259036","0.34202898550724636","0.31375971436000327","0.37146655647903826"
"logistic",5,812,362,"0.44887405246538969","0.44581280788177341","0.41195951188119995","0.48017639387773925"
"logistic",6,718,385,"0.55007786107473167","0.53621169916434541","0.49963910556140123","0.57239887364383157"
"logistic",7,772,489,"0.65089223571084553","0.63341968911917101","0.59884544613523649","0.66667271824995533"
"logistic",8,673,493,"0.74981232255495878","0.73254086181277855","0.6978485294114406","0.76459359188733533"
"logistic",9,532,440,"0.84660559868077356","0.82706766917293228","0.79261591147016197","0.85682991671546438"
"logistic",10,486,457,"0.94471734789170481","0.94032921810699588","0.91561682723798921","0.95813526600136423"
"tree",1,8556,336,"0.038536723411009076","0.039270687237026647","0.035357448281984179","0.043597455505895798"
"tree",2,2579,468,"0.16159179582449376","0.18146568437378829","0.1670686030753443","0.19681027753152755"
"tree",3,409,109,"0.2570252730066202","0.2665036674816626","0.22597220918122901","0.31138045751653259"
"tree",4,1467,488,"0.33100253199980617","0.33265167007498297","0.30900589321575034","0.35717158835070018"
"tree",5,128,65,"0.44107482408285897","0.5078125","0.42224722925478497","0.59292250580344152"
"tree",6,376,208,"0.56799659962088589","0.55319148936170215","0.50265348866415605","0.60265360478527752"
"tree",7,1070,685,"0.67536152444025777","0.64018691588785048","0.61097522937140825","0.66839561958935334"
"tree",8,465,332,"0.77607762520455881","0.71397849462365592","0.67128264694175854","0.7531678709381171"
"tree",9,172,139,"0.80988813379815539","0.80813953488372092","0.74281980742026599","0.85999593757470938"
"tree",10,1033,1010,"0.98052120618430894","0.97773475314617619","0.96681118158773016","0.98511834592423508"
"forest",1,8417,232,"0.019819331108879516","0.027563264821195199","0.024275383675787","0.031282182763210355"
"forest",2,1646,265,"0.14817722940046762","0.16099635479951396","0.14403370955352027","0.17953765905682109"
"forest",3,1228,298,"0.24544926025329325","0.24267100977198697","0.2195201589265165","0.26742680533214186"
"forest",4,955,330,"0.34845973668382346","0.34554973821989526","0.31606203630895308","0.37627500514226991"
"forest",5,785,318,"0.44910859766927408","0.40509554140127391","0.37129709239098746","0.43981831193531068"
"forest",6,674,347,"0.54799738616019966","0.51483679525222548","0.47712881076341829","0.5523766137569347"
"forest",7,559,322,"0.65079339996827834","0.57602862254025045","0.53467961981531975","0.61633981677362326"
"forest",8,525,358,"0.74795299940068272","0.6819047619047619","0.6408673505701219","0.72029949218446498"
"forest",9,402,329,"0.85001702925570299","0.81840796019900497","0.77776698648443143","0.85302120539693083"
"forest",10,1064,1041,"0.97712703544308932","0.97838345864661658","0.96777184322970478","0.98555319541813147"
