"model","fit_ok","converged","solver_status","finite_parameters","n_training","n_features","stage","candidate"
"majority",TRUE,,,,26029,84,"fold_1","prevalence"
"logistic",TRUE,TRUE,0,TRUE,26029,84,"fold_1","lambda=0.1"
"logistic",TRUE,TRUE,0,TRUE,26029,84,"fold_1","lambda=0.01"
"logistic",TRUE,TRUE,0,TRUE,26029,84,"fold_1","lambda=0.001"
"logistic",TRUE,TRUE,0,TRUE,26029,84,"fold_1","lambda=1e-04"
"tree",TRUE,,,,26029,84,"fold_1","cp=0.01"
"tree",TRUE,,,,26029,84,"fold_1","cp=0.005"
"tree",TRUE,,,,26029,84,"fold_1","cp=0.001"
"tree",TRUE,,,,26029,84,"fold_1","cp=5e-04"
"forest",TRUE,,,,26029,84,"fold_1","mtry=sqrt"
"forest",TRUE,,,,26029,84,"fold_1","mtry=third"
"svm",TRUE,,,,26029,84,"fold_1","cost=0.1"
"svm",TRUE,,,,26029,84,"fold_1","cost=1"
"svm",TRUE,,,,26029,84,"fold_1","cost=10"
"majority",TRUE,,,,26029,84,"fold_2","prevalence"
"logistic",TRUE,TRUE,0,TRUE,26029,84,"fold_2","lambda=0.1"
"logistic",TRUE,TRUE,0,TRUE,26029,84,"fold_2","lambda=0.01"
"logistic",TRUE,TRUE,0,TRUE,26029,84,"fold_2","lambda=0.001"
"logistic",TRUE,TRUE,0,TRUE,26029,84,"fold_2","lambda=1e-04"
"tree",TRUE,,,,26029,84,"fold_2","cp=0.01"
"tree",TRUE,,,,26029,84,"fold_2","cp=0.005"
"tree",TRUE,,,,26029,84,"fold_2","cp=0.001"
"tree",TRUE,,,,26029,84,"fold_2","cp=5e-04"
"forest",TRUE,,,,26029,84,"fold_2","mtry=sqrt"
"forest",TRUE,,,,26029,84,"fold_2","mtry=third"
"svm",TRUE,,,,26029,84,"fold_2","cost=0.1"
"svm",TRUE,,,,26029,84,"fold_2","cost=1"
"svm",TRUE,,,,26029,84,"fold_2","cost=10"
"majority",TRUE,,,,26029,83,"fold_3","prevalence"
"logistic",TRUE,TRUE,0,TRUE,26029,83,"fold_3","lambda=0.1"
"logistic",TRUE,TRUE,0,TRUE,26029,83,"fold_3","lambda=0.01"
"logistic",TRUE,TRUE,0,TRUE,26029,83,"fold_3","lambda=0.001"
"logistic",TRUE,TRUE,0,TRUE,26029,83,"fold_3","lambda=1e-04"
"tree",TRUE,,,,26029,83,"fold_3","cp=0.01"
"tree",TRUE,,,,26029,83,"fold_3","cp=0.005"
"tree",TRUE,,,,26029,83,"fold_3","cp=0.001"
"tree",TRUE,,,,26029,83,"fold_3","cp=5e-04"
"forest",TRUE,,,,26029,83,"fold_3","mtry=sqrt"
"forest",TRUE,,,,26029,83,"fold_3","mtry=third"
"svm",TRUE,,,,26029,83,"fold_3","cost=0.1"
"svm",TRUE,,,,26029,83,"fold_3","cost=1"
"svm",TRUE,,,,26029,83,"fold_3","cost=10"
"majority",TRUE,,,,26030,84,"fold_4","prevalence"
"logistic",TRUE,TRUE,0,TRUE,26030,84,"fold_4","lambda=0.1"
"logistic",TRUE,TRUE,0,TRUE,26030,84,"fold_4","lambda=0.01"
"logistic",TRUE,TRUE,0,TRUE,26030,84,"fold_4","lambda=0.001"
"logistic",TRUE,TRUE,0,TRUE,26030,84,"fold_4","lambda=1e-04"
"tree",TRUE,,,,26030,84,"fold_4","cp=0.01"
"tree",TRUE,,,,26030,84,"fold_4","cp=0.005"
"tree",TRUE,,,,26030,84,"fold_4","cp=0.001"
"tree",TRUE,,,,26030,84,"fold_4","cp=5e-04"
"forest",TRUE,,,,26030,84,"fold_4","mtry=sqrt"
"forest",TRUE,,,,26030,84,"fold_4","mtry=third"
"svm",TRUE,,,,26030,84,"fold_4","cost=0.1"
"svm",TRUE,,,,26030,84,"fold_4","cost=1"
"svm",TRUE,,,,26030,84,"fold_4","cost=10"
"majority",TRUE,,,,26031,84,"fold_5","prevalence"
"logistic",TRUE,TRUE,0,TRUE,26031,84,"fold_5","lambda=0.1"
"logistic",TRUE,TRUE,0,TRUE,26031,84,"fold_5","lambda=0.01"
"logistic",TRUE,TRUE,0,TRUE,26031,84,"fold_5","lambda=0.001"
"logistic",TRUE,TRUE,0,TRUE,26031,84,"fold_5","lambda=1e-04"
"tree",TRUE,,,,26031,84,"fold_5","cp=0.01"
"tree",TRUE,,,,26031,84,"fold_5","cp=0.005"
"tree",TRUE,,,,26031,84,"fold_5","cp=0.001"
"tree",TRUE,,,,26031,84,"fold_5","cp=5e-04"
"forest",TRUE,,,,26031,84,"fold_5","mtry=sqrt"
"forest",TRUE,,,,26031,84,"fold_5","mtry=third"
"svm",TRUE,,,,26031,84,"fold_5","cost=0.1"
"svm",TRUE,,,,26031,84,"fold_5","cost=1"
"svm",TRUE,,,,26031,84,"fold_5","cost=10"
"majority",TRUE,,,,32537,84,"final","prevalence"
"logistic",TRUE,TRUE,0,TRUE,32537,84,"final","lambda=1e-04"
"tree",TRUE,,,,32537,84,"final","cp=5e-04"
"forest",TRUE,,,,32537,84,"final","mtry=third"
"svm",TRUE,,,,32537,84,"final","cost=10"
