"model","metric","estimate","lower","upper","valid_replicates"
"majority","accuracy","0.76376499538603504","0.75768613320824318","0.77037261475161256",1000
"majority","balanced_accuracy","0.5","0.5","0.5",1000
"majority","recall","0","0","0",1000
"majority","roc_auc","0.5","0.5","0.5",1000
"majority","average_precision","0.23623500461396493","0.22962738524838733","0.24231386679175676",1000
"logistic","accuracy","0.84663180559827744","0.84095236925834094","0.85230268091668748",1000
"logistic","balanced_accuracy","0.75786053497113715","0.74921959085686551","0.76574378202528248",1000
"logistic","recall","0.58958333333333335","0.57502757083321476","0.60506254983829744",1000
"logistic","roc_auc","0.89799202283863611","0.89271973134503568","0.90297260796027223",1000
"logistic","average_precision","0.7354191278322969","0.72151351985143608","0.74914619337072608",1000
"tree","accuracy","0.86416487234697015","0.85868898183735365","0.86966450065424539",1000
"tree","balanced_accuracy","0.77923137753389726","0.77135478061054163","0.78773496353376482",1000
"tree","recall","0.61822916666666672","0.6040120230005227","0.63393703918801259",1000
"tree","roc_auc","0.89097069447241239","0.88443188386234506","0.89742583423660605",1000
"tree","average_precision","0.76146328677706399","0.74881563991903599","0.77363746223707064",1000
"forest","accuracy","0.86035066133497384","0.85488149795421264","0.86576188704418477",1000
"forest","balanced_accuracy","0.77880289090817567","0.77074490355628811","0.78698395512834596",1000
"forest","recall","0.62421875000000004","0.6086836354981725","0.64051037029996782",1000
"forest","roc_auc","0.90898659845281249","0.9041618050098712","0.91422953871015733",1000
"forest","average_precision","0.79331839634587686","0.78200468384718003","0.80438810860907506",1000
"svm","accuracy","0.84804675484466319","0.84259349011523477","0.85362747294335717",1000
"svm","balanced_accuracy","0.7594163751006846","0.75120086715289436","0.76757959218641414",1000
"svm","recall","0.59140625000000002","0.57620401819397626","0.60762696303339581",1000
"svm","roc_auc","0.89680302095918918","0.89167295498464083","0.90184388956119632",1000
"svm","average_precision","0.73571004983528687","0.72214263668139744","0.74929102056164731",1000
