"model_a","model_b","metric","estimate","lower","upper","valid_replicates"
"logistic","tree","accuracy","-0.017533066748692705","-0.021783405609224551","-0.012918307086614234",1000
"logistic","tree","balanced_accuracy","-0.021370842562760117","-0.027544931400818221","-0.01475926773030773",1000
"logistic","tree","recall","-0.02864583333333337","-0.040126930627349337","-0.016421016335380522",1000
"logistic","tree","roc_auc","0.0070213283662237114","0.0028157523266952172","0.011474628591065489",1000
"logistic","tree","average_precision","-0.026044158944767082","-0.036652830575745664","-0.015544153232423231",1000
"logistic","forest","accuracy","-0.0137188557366964","-0.018207569368058986","-0.0090422587193208503",1000
"logistic","forest","balanced_accuracy","-0.020942355937038526","-0.027568682978989886","-0.013937563884247233",1000
"logistic","forest","recall","-0.034635416666666696","-0.047632948581130374","-0.021463968503541007",1000
"logistic","forest","roc_auc","-0.010994575614176383","-0.014164057803959294","-0.0079029210653821548",1000
"logistic","forest","average_precision","-0.05789926851357996","-0.06762017739861359","-0.048847633307615677",1000
"logistic","svm","accuracy","-0.0014149492463857438","-0.0036294347158778053","0.00067659102692771704",1000
"logistic","svm","balanced_accuracy","-0.0015558401295474589","-0.0049626370928619436","0.0016920481685662569",1000
"logistic","svm","recall","-0.0018229166666666741","-0.0084418584385113384","0.0046431253943630488",1000
"logistic","svm","roc_auc","0.001189001879446927","7.9329873751649021e-05","0.002246089965926104",1000
"logistic","svm","average_precision","-0.0002909220029899684","-0.0025065900685349138","0.0019867014462835253",1000
"tree","forest","accuracy","0.0038142110119963046","0.0001214643768292085","0.0075670791076178729",1000
"tree","forest","balanced_accuracy","0.00042848662572159135","-0.0052298097681795887","0.0062550870992462218",1000
"tree","forest","recall","-0.0059895833333333259","-0.016834054373370801","0.0046689960927559287",1000
"tree","forest","roc_auc","-0.018015903980400094","-0.02241802021559354","-0.01378999720314565",1000
"tree","forest","average_precision","-0.031855109568812878","-0.039499572128043378","-0.025341604955125999",1000
"tree","svm","accuracy","0.016118117502306961","0.011629964106236746","0.020366072727260258",1000
"tree","svm","balanced_accuracy","0.019815002433212658","0.013659718847405113","0.026297758976980504",1000
"tree","svm","recall","0.026822916666666696","0.014959627008212739","0.038846021968871332",1000
"tree","svm","roc_auc","-0.0058323264867767843","-0.010453676707071086","-0.001394383663792837",1000
"tree","svm","average_precision","0.025753236941777113","0.015690653228685316","0.035947544024497353",1000
"forest","svm","accuracy","0.012303906490310657","0.0078081636026128276","0.016670793355981307",1000
"forest","svm","balanced_accuracy","0.019386515807491067","0.012749114963894644","0.026193626420486404",1000
"forest","svm","recall","0.032812500000000022","0.020281413450399025","0.046254246428967395",1000
"forest","svm","roc_auc","0.01218357749362331","0.0091435651253001897","0.01515190344671349",1000
"forest","svm","average_precision","0.057608346510589992","0.049242684635287352","0.066927872038858804",1000
