"model","profile_status","n","n_positive","n_negative","positive_rate","accuracy","balanced_accuracy","precision","recall","specificity","f1","roc_auc","average_precision","tp","tn","fp","fn"
"majority","seen_in_training",2953,"739","2214","0.25025397900440233","0.74974602099559773","0.5",,"0","1","0","0.5","0.25025397900440233",0,2214,0,739
"majority","novel_profile",13302,"3101","10201","0.23312283867087655","0.76687716132912342","0.5",,"0","1","0","0.5","0.23312283867087655",0,10201,0,3101
"logistic","seen_in_training",2953,"739","2214","0.25025397900440233","0.82255333559092447","0.70181114643803189","0.73118279569892475","0.46008119079837617","0.94354110207768749","0.56478405315614622","0.88566943292346767","0.70364473944263706",340,2089,125,399
"logistic","novel_profile",13302,"3101","10201","0.23312283867087655","0.8519771462937904","0.77140278531159301","0.70839469808541977","0.62044501773621408","0.92236055288697183","0.66150936909059654","0.90065222722092775","0.74439979671932777",1924,9409,792,1177
"tree","seen_in_training",2953,"739","2214","0.25025397900440233","0.82390789028107014","0.72435069975417843","0.696588868940754","0.52503382949932342","0.92366757000903343","0.59876543209876543","0.87307000719984651","0.66086065714277276",388,2045,169,351
"tree","novel_profile",13302,"3101","10201","0.23312283867087655","0.87310178920463088","0.7921338022863943","0.77608440797186395","0.64043856820380518","0.94382903636898341","0.70176678445229679","0.89163644350616456","0.77726016384460739",1986,9628,573,1115
"forest","seen_in_training",2953,"739","2214","0.25025397900440233","0.81713511683034201","0.72118625110473022","0.67066895368782165","0.52909336941813256","0.91327913279132789","0.59152798789712557","0.87601320420060313","0.68658381768959964",391,2022,192,348
"forest","novel_profile",13302,"3101","10201","0.23312283867087655","0.86994436926777929","0.79231965073768307","0.75956077243468378","0.64688810061270563","0.93775120086266051","0.6987112504353884","0.91552942893945843","0.81318886435453197",2006,9566,635,1095
"svm","seen_in_training",2953,"739","2214","0.25025397900440233","0.82593972231628854","0.70947855509227176","0.73486430062630481","0.47631935047361301","0.94263775971093045","0.57799671592775037","0.88304436156675503","0.69972564294669737",352,2087,127,387
"svm","novel_profile",13302,"3101","10201","0.23312283867087655","0.85295444294091116","0.77147886020494671","0.71258819160787223","0.61883263463398908","0.92412508577590435","0.6624093890231274","0.9001626798290826","0.7455863831015962",1919,9427,774,1182
