"model","attribute","group","n","n_positive","n_negative","positive_rate","accuracy","balanced_accuracy","precision","recall","specificity","f1","roc_auc","average_precision","tp","tn","fp","fn","predicted_positive_rate","false_positive_rate","recall_lower","recall_upper","false_positive_rate_lower","false_positive_rate_upper","precision_lower","precision_upper"
"majority","sex","Female",5414,"589","4825","0.1087920206871075","0.89120797931289253","0.5",,"0","1","0","0.5","0.1087920206871075",0,4825,0,589,"0","0","0","0.0064797405166901103","0","0.00079552390639726868",,
"majority","sex","Male",10841,"3251","7590","0.29988008486302004","0.70011991513698002","0.5",,"0","1","0","0.5","0.29988008486302004",0,7590,0,3251,"0","0","0","0.001180229166088469","0","0.00050586502780250204",,
"majority","race","Amer-Indian-Eskimo",159,"19","140","0.11949685534591195","0.88050314465408808","0.5",,"0","1","0","0.5","0.11949685534591195",0,140,0,19,"0","0","0","0.16817922405261618","1.7347234759768071e-18","0.026706200369412979",,
"majority","race","Asian-Pac-Islander",479,"133","346","0.27766179540709812","0.72233820459290188","0.5",,"0","1","0","0.5","0.27766179540709812",0,346,0,133,"0","0","0","0.028072331688071651","0","0.010980570552282668",,
"majority","race","Black",1560,"178","1382","0.1141025641025641","0.88589743589743586","0.5",,"0","1","0","0.5","0.1141025641025641",0,1382,0,178,"0","0","0","0.021125318976251823","2.1684043449710089e-19","0.002771932385370459",,
"majority","race","Other",135,"25","110","0.18518518518518517","0.81481481481481477","0.5",,"0","1","0","0.5","0.18518518518518517",0,110,0,25,"0","0","0","0.13319225093904843","0","0.033743935298164177",,
"majority","race","White",13922,"3485","10437","0.25032322942106017","0.74967677057893978","0.5",,"0","1","0","0.5","0.25032322942106017",0,10437,0,3485,"0","0","1.0842021724855044e-19","0.0011010700446080521","0","0.0003679261710701257",,
"logistic","sex","Female",5414,"589","4825","0.1087920206871075","0.92519394163280388","0.73519551008559336","0.73232323232323238","0.49235993208828521","0.97803108808290151","0.58883248730964466","0.92266491902495662","0.66065777260720704",290,4719,106,299,"0.073143701514591805","0.021968911917098446","0.45216568849961375","0.53265318699215236","0.018197394422887168","0.026500999728451824","0.68663671374255564","0.77354568090630316"
"logistic","sex","Male",10841,"3251","7590","0.29988008486302004","0.80739784152753435","0.75017333270111686","0.7087971274685817","0.60719778529683177","0.89314888010540183","0.65407554671968193","0.87341796929616067","0.74693186307425652",1974,6779,811,1277,"0.25689512037634904","0.10685111989459815","0.59029298215221582","0.62384955253595287","0.10009901065040672","0.11400098967711966","0.691645617157708","0.72537342719190978"
"logistic","race","Amer-Indian-Eskimo",159,"19","140","0.11949685534591195","0.89308176100628933","0.59812030075187972","0.66666666666666663","0.21052631578947367","0.98571428571428577","0.32000000000000001","0.94999999999999996","0.65285662786173648",4,138,2,15,"0.037735849056603772","0.014285714285714285","0.085076766329162501","0.43334278443814156","0.003926440723442691","0.050588153921129919","0.29999331513839211","0.90322858889421964"
"logistic","race","Asian-Pac-Islander",479,"133","346","0.27766179540709812","0.83924843423799578","0.7868986048937372","0.72950819672131151","0.66917293233082709","0.90462427745664742","0.69803921568627447","0.8871528532313443","0.78526766359380629",89,313,33,44,"0.25469728601252611","0.095375722543352595","0.58544777433449091","0.74339993298909379","0.068719932572166076","0.13091752336609735","0.64457470657400717","0.80042967055890502"
"logistic","race","Black",1560,"178","1382","0.1141025641025641","0.90833333333333333","0.71577993138099805","0.63358778625954193","0.46629213483146065","0.9652677279305355","0.53721682847896435","0.91805151303273225","0.63270175638909087",83,1334,48,95,"0.083974358974358967","0.034732272069464547","0.39449330228698082","0.53951514618332841","0.02629596950615843","0.045747955998607433","0.54836791871548829","0.71119616718291001"
"logistic","race","Other",135,"25","110","0.18518518518518517","0.85185185185185186","0.63090909090909086","0.77777777777777779","0.28000000000000003","0.98181818181818181","0.41176470588235292","0.94872727272727275","0.76531951677813059",7,108,2,18,"0.066666666666666666","0.018181818181818181","0.14283853850956563","0.47576605190361576","0.0050003548753278955","0.063880164593812128","0.45258896910698898","0.93677489288215321"
"logistic","race","White",13922,"3485","10437","0.25032322942106017","0.83939089211320217","0.75870708297059808","0.71438379677308617","0.59713055954088956","0.9202836064003066","0.65051578618318229","0.8937320170252917","0.73949459702649656",2081,9605,832,1404,"0.20923717856629795","0.079716393599693403","0.58074813738681386","0.61329908659591237","0.074673373886188832","0.085068679989330764","0.69770638372546112","0.73049652604289572"
"tree","sex","Female",5414,"589","4825","0.1087920206871075","0.92851865533801259","0.76016414930021026","0.7295454545454545","0.54499151103565369","0.97533678756476683","0.62390670553935856","0.86561292081951491","0.64901260835519592",321,4706,119,268,"0.081270779460657555","0.024663212435233162","0.50461377564865051","0.58478617978872716","0.020650537688059401","0.029432170738602634","0.68618651589669477","0.76893095000368017"
"tree","sex","Male",10841,"3251","7590","0.29988008486302004","0.8320265658149617","0.77470815709284135","0.76718983557548581","0.63149800061519534","0.91791831357048748","0.69276193689893706","0.87828346320114736","0.77920496395640171",2053,6967,623,1198,"0.24684069735264275","0.08208168642951251","0.61476953579053339","0.64791606988864059","0.076115821221067831","0.088470372156584209","0.75080128910295518","0.78281236751585603"
"tree","race","Amer-Indian-Eskimo",159,"19","140","0.11949685534591195","0.93710691823899372","0.82781954887218046","0.76470588235294112","0.68421052631578949","0.97142857142857142","0.72222222222222221","0.94285714285714284","0.74240703581491596",13,136,4,6,"0.1069182389937107","0.028571428571428571","0.46010407675327469","0.8463562091220771","0.011165776841333588","0.071157212078398646","0.52738201880435009","0.9044495567791988"
"tree","race","Asian-Pac-Islander",479,"133","346","0.27766179540709812","0.83716075156576197","0.79471076535268814","0.70992366412213737","0.6992481203007519","0.89017341040462428","0.70454545454545459","0.86038072058759618","0.73389907673621879",93,308,38,40,"0.27348643006263046","0.10982658959537572","0.61661644415217998","0.7706930778067087","0.081067494088109204","0.14715433842378767","0.62711545608890351","0.78077096460857953"
"tree","race","Black",1560,"178","1382","0.1141025641025641","0.92628205128205132","0.76506528561440024","0.73333333333333328","0.5561797752808989","0.97395079594790157","0.63258785942492013","0.91639701458560296","0.69059087934209118",99,1346,36,79,"0.086538461538461536","0.026049204052098408","0.48277064146676202","0.6272152777493899","0.018874638029151732","0.035851289195765274","0.65303778800860512","0.80071716771654988"
"tree","race","Other",135,"25","110","0.18518518518518517","0.88888888888888884","0.73090909090909095","0.8571428571428571","0.47999999999999998","0.98181818181818181","0.61538461538461542","0.94290909090909092","0.81056806722689079",12,108,2,13,"0.1037037037037037","0.018181818181818181","0.30031285954112974","0.66501483049643217","0.0050003548753278955","0.063880164593812128","0.60058620503029658","0.95990607872853517"
"tree","race","White",13922,"3485","10437","0.25032322942106017","0.85706076713115931","0.77775505942672496","0.76516495211067759","0.61893830703012909","0.93657181182332083","0.68432741116751272","0.88771120952675131","0.76699046935977122",2157,9775,662,1328,"0.20248527510415171","0.063428188176679126","0.60269187147882342","0.6349228237673803","0.058910943647667746","0.068266685095933088","0.74916256535823378","0.78044564034828523"
"forest","sex","Female",5414,"589","4825","0.1087920206871075","0.93350572589582559","0.77712219710231623","0.75388026607538805","0.57724957555178269","0.97699481865284976","0.65384615384615385","0.92783271901967856","0.73672326772799779",340,4714,111,249,"0.083302548947173996","0.023005181347150259","0.53698071620725141","0.61651732048711405","0.019139157416270883","0.027630126840961583","0.71209196093283667","0.79138017327794463"
"forest","sex","Male",10841,"3251","7590","0.29988008486302004","0.82381699105248596","0.76919687020391825","0.74179588892895776","0.63272839126422642","0.90566534914360997","0.68293492695883129","0.88740549679859326","0.80241238566233231",2057,6874,716,1194,"0.25578821141961072","0.094334650856389993","0.61601004037507945","0.64913344231629733","0.087962552795486773","0.1011171727435393","0.72518013052583508","0.75774265058587942"
"forest","race","Amer-Indian-Eskimo",159,"19","140","0.11949685534591195","0.90566037735849059","0.71898496240601506","0.6428571428571429","0.47368421052631576","0.9642857142857143","0.54545454545454541","0.9263157894736842","0.65003192204704496",9,135,5,10,"0.088050314465408799","0.035714285714285712","0.27329805161179566","0.68292190754886817","0.015349715646256056","0.080877470411056002","0.38764423103907408","0.8365526824644588"
"forest","race","Asian-Pac-Islander",479,"133","346","0.27766179540709812","0.83507306889352817","0.78632274327437091","0.7142857142857143","0.67669172932330823","0.89595375722543358","0.69498069498069504","0.88960841409883085","0.78538163691638962",90,310,36,43,"0.26304801670146138","0.10404624277456648","0.59320598769745891","0.75025717328495167","0.076105978639131988","0.14068210324331151","0.62998370992843122","0.78590810529348365"
"forest","race","Black",1560,"178","1382","0.1141025641025641","0.92564102564102568","0.76959787964031934","0.72142857142857142","0.56741573033707871","0.97178002894356008","0.63522012578616349","0.93397453617131987","0.74549061626531432",101,1343,39,77,"0.089743589743589744","0.028219971056439943","0.49396831934098867","0.63801478371839337","0.020711446223316745","0.038343980571562478","0.64201608688750023","0.78901402437747392"
"forest","race","Other",135,"25","110","0.18518518518518517","0.8666666666666667","0.6709090909090909","0.81818181818181823","0.35999999999999999","0.98181818181818181","0.5","0.93418181818181822","0.7737626875858562",9,108,2,16,"0.081481481481481488","0.018181818181818181","0.20247880774458224","0.55481502251835135","0.0050003548753278955","0.063880164593812128","0.52301943803915607","0.94863231025391503"
"forest","race","White",13922,"3485","10437","0.25032322942106017","0.85332567159890815","0.77822645375566923","0.7459938629389703","0.62783357245337157","0.9286193350579669","0.68183234652539737","0.90529805876318237","0.79737987356053019",2188,9692,745,1297,"0.21067375377100991","0.071380664942033156","0.61165242372098105","0.6437332137511147","0.066597411161580078","0.076479319264075224","0.72992544399780568","0.76141875017583727"
"svm","sex","Female",5414,"589","4825","0.1087920206871075","0.92408570373106758","0.73755482639408143","0.71707317073170729","0.49915110356536502","0.9759585492227979","0.58858858858858853","0.9236758535147831","0.66314380277957219",294,4709,116,295,"0.075729589951976359","0.024041450777202072","0.45890824410360043","0.53940496428437346","0.020083140280403661","0.028757034082722285","0.67161542791489071","0.75850097585779741"
"svm","sex","Male",10841,"3251","7590","0.29988008486302004","0.81007287150631857","0.75234750916815296","0.71578566256335985","0.608120578283605","0.89657444005270093","0.65757525361716285","0.87150835113468683","0.74735661195809",1977,6805,785,1274,"0.25477354487593395","0.10342555994729907","0.59122166757815986","0.62476427486916086","0.096774278541902806","0.11047806763298136","0.69867401439073407","0.73229790419069019"
"svm","race","Amer-Indian-Eskimo",159,"19","140","0.11949685534591195","0.8867924528301887","0.59454887218045105","0.5714285714285714","0.21052631578947367","0.97857142857142854","0.30769230769230771","0.9458646616541353","0.62515968938182565",4,137,3,15,"0.0440251572327044","0.021428571428571429","0.085076766329162501","0.43334278443814156","0.0073140032567785944","0.061104788525373835","0.25045836452765724","0.84178014474853025"
"svm","race","Asian-Pac-Islander",479,"133","346","0.27766179540709812","0.83716075156576197","0.78776782997957318","0.71999999999999997","0.67669172932330823","0.89884393063583812","0.69767441860465118","0.8869355469598853","0.78285568473730249",90,311,35,43,"0.26096033402922758","0.10115606936416185","0.59320598769745891","0.75025717328495167","0.073636192120959398","0.13743501444675743","0.63563438661294791","0.79124684015538849"
"svm","race","Black",1560,"178","1382","0.1141025641025641","0.90512820512820513","0.70907657035073735","0.61363636363636365","0.4550561797752809","0.9630969609261939","0.52258064516129032","0.91539699832517607","0.62574929048392769",81,1331,51,97,"0.08461538461538462","0.036903039073806078","0.38362083294244242","0.52839043168463651","0.028178434258440771","0.048194990816287309","0.52847834563483675","0.69236733918366133"
"svm","race","Other",135,"25","110","0.18518518518518517","0.85925925925925928","0.65090909090909088","0.80000000000000004","0.32000000000000001","0.98181818181818181","0.45714285714285713","0.9403636363636364","0.74464271410419414",8,108,2,17,"0.07407407407407407","0.018181818181818181","0.17205190306907989","0.51589730726897765","0.0050003548753278955","0.063880164593812128","0.49016247153664183","0.94331784854562473"
"svm","race","White",13922,"3485","10437","0.25032322942106017","0.84147392616003447","0.7607653298351289","0.72049689440993792","0.59913916786226684","0.92239149180799085","0.65423781920726931","0.89259985684414611","0.74024036273150995",2088,9627,810,1397,"0.20815974716276398","0.077608508192009193","0.58276786007247616","0.61529215731609654","0.072629493620787605","0.082898340531777803","0.7038748565008579","0.73653514457458957"
