"partition","feature","unseen_rows"
"fold_1","workclass",0
"fold_1","maritalstatus",0
"fold_1","occupation",0
"fold_1","relationship",0
"fold_1","race",0
"fold_1","sex",0
"fold_1","nativecountry",0
"fold_2","workclass",0
"fold_2","maritalstatus",0
"fold_2","occupation",0
"fold_2","relationship",0
"fold_2","race",0
"fold_2","sex",0
"fold_2","nativecountry",0
"fold_3","workclass",0
"fold_3","maritalstatus",0
"fold_3","occupation",0
"fold_3","relationship",0
"fold_3","race",0
"fold_3","sex",0
"fold_3","nativecountry",1
"fold_4","workclass",0
"fold_4","maritalstatus",0
"fold_4","occupation",0
"fold_4","relationship",0
"fold_4","race",0
"fold_4","sex",0
"fold_4","nativecountry",0
"fold_5","workclass",0
"fold_5","maritalstatus",0
"fold_5","occupation",0
"fold_5","relationship",0
"fold_5","race",0
"fold_5","sex",0
"fold_5","nativecountry",0
"reused_test","workclass",0
"reused_test","maritalstatus",0
"reused_test","occupation",0
"reused_test","relationship",0
"reused_test","race",0
"reused_test","sex",0
"reused_test","nativecountry",0
