"model","bin","n","n_positive","mean_probability","observed_rate","lower","upper","gap","gap_lower","gap_upper"
"majority",3,16255,3840,"0.2409257153394597","0.23623500461396493","0.22976789701554778","0.24282675115060931","0.0046907107254947622","-0.0019010358111496151","0.011157818323911911"
"logistic",1,7943,186,"0.026244724411686886","0.023416845020773007","0.020314419422249659","0.026980025895207163","0.0028278793909138795","-0.00073530148352027661","0.0059303049894372274"
"logistic",2,1878,294,"0.14686850886291561","0.15654952076677317","0.14081795639444841","0.17368327645201428","-0.0096810119038575615","-0.026814767589098676","0.0060505524684671963"
"logistic",3,1406,380,"0.24759226649432078","0.27027027027027029","0.24770619158532958","0.29408625893576179","-0.022678003775949501","-0.046493992441441007","-0.00011392509100879855"
"logistic",4,1035,354,"0.34721798943259036","0.34202898550724636","0.31375971436000327","0.37146655647903826","0.0051890039253439935","-0.0242485670464479","0.033458275072587085"
"logistic",5,812,362,"0.44887405246538969","0.44581280788177341","0.41195951188119995","0.48017639387773925","0.0030612445836162849","-0.031302341412349555","0.036914540584189748"
"logistic",6,718,385,"0.55007786107473167","0.53621169916434541","0.49963910556140123","0.57239887364383157","0.013866161910386254","-0.022321012569099907","0.050438755513330435"
"logistic",7,772,489,"0.65089223571084553","0.63341968911917101","0.59884544613523649","0.66667271824995533","0.01747254659167452","-0.015780482539109797","0.052046789575609043"
"logistic",8,673,493,"0.74981232255495878","0.73254086181277855","0.6978485294114406","0.76459359188733533","0.017271460742180222","-0.014781269332376556","0.051963793143518178"
"logistic",9,532,440,"0.84660559868077356","0.82706766917293228","0.79261591147016197","0.85682991671546438","0.019537929507841278","-0.010224318034690816","0.053989687210611592"
"logistic",10,486,457,"0.94471734789170481","0.94032921810699588","0.91561682723798921","0.95813526600136423","0.0043881297847089273","-0.013417918109659421","0.0291005206537156"
"tree",1,8556,336,"0.038536723411009076","0.039270687237026647","0.035357448281984179","0.043597455505895798","-0.00073396382601757099","-0.0050607320948867218","0.0031792751290248972"
"tree",2,2579,468,"0.16159179582449376","0.18146568437378829","0.1670686030753443","0.19681027753152755","-0.019873888549294533","-0.035218481707033789","-0.005476807250850535"
"tree",3,409,109,"0.2570252730066202","0.2665036674816626","0.22597220918122901","0.31138045751653259","-0.0094783944750423954","-0.054355184509912391","0.031053063825391192"
"tree",4,1467,488,"0.33100253199980617","0.33265167007498297","0.30900589321575034","0.35717158835070018","-0.0016491380751768037","-0.026169056350894004","0.021996638784055833"
"tree",5,128,65,"0.44107482408285897","0.5078125","0.42224722925478497","0.59292250580344152","-0.066737675917141026","-0.15184768172058255","0.018827594828074001"
"tree",6,376,208,"0.56799659962088589","0.55319148936170215","0.50265348866415605","0.60265360478527752","0.01480511025918374","-0.03465700516439163","0.065343110956729844"
"tree",7,1070,685,"0.67536152444025777","0.64018691588785048","0.61097522937140825","0.66839561958935334","0.035174608552407283","0.0069659048509044252","0.064386295068849519"
"tree",8,465,332,"0.77607762520455881","0.71397849462365592","0.67128264694175854","0.7531678709381171","0.062099130580902884","0.022909754266441706","0.10479497826280026"
"tree",9,172,139,"0.80988813379815539","0.80813953488372092","0.74281980742026599","0.85999593757470938","0.0017485989144344627","-0.050107803776553994","0.067068326377889398"
"tree",10,1033,1010,"0.98052120618430894","0.97773475314617619","0.96681118158773016","0.98511834592423508","0.0027864530381327413","-0.0045971397399261482","0.013710024596578774"
"forest",1,8417,232,"0.019819331108879516","0.027563264821195199","0.024275383675787","0.031282182763210355","-0.0077439337123156836","-0.011462851654330839","-0.0044560525669074848"
"forest",2,1646,265,"0.14817722940046762","0.16099635479951396","0.14403370955352027","0.17953765905682109","-0.012819125399046338","-0.031360429656353467","0.0041435198469473578"
"forest",3,1228,298,"0.24544926025329325","0.24267100977198697","0.2195201589265165","0.26742680533214186","0.0027782504813062825","-0.021977545078848609","0.025929101326776754"
"forest",4,955,330,"0.34845973668382346","0.34554973821989526","0.31606203630895308","0.37627500514226991","0.0029099984639281984","-0.027815268458446452","0.032397700374870386"
"forest",5,785,318,"0.44910859766927408","0.40509554140127391","0.37129709239098746","0.43981831193531068","0.044013056268000172","0.0092902857339633993","0.077811505278286619"
"forest",6,674,347,"0.54799738616019966","0.51483679525222548","0.47712881076341829","0.5523766137569347","0.033160590907974186","-0.0043792275967350358","0.070868575396781375"
"forest",7,559,322,"0.65079339996827834","0.57602862254025045","0.53467961981531975","0.61633981677362326","0.074764777428027895","0.03445358319465508","0.11611378015295859"
"forest",8,525,358,"0.74795299940068272","0.6819047619047619","0.6408673505701219","0.72029949218446498","0.066048237495920814","0.027653507216217732","0.10708564883056082"
"forest",9,402,329,"0.85001702925570299","0.81840796019900497","0.77776698648443143","0.85302120539693083","0.031609069056698025","-0.0030041761412278323","0.072250042771271561"
"forest",10,1064,1041,"0.97712703544308932","0.97838345864661658","0.96777184322970478","0.98555319541813147","-0.0012564232035272571","-0.0084261599750421468","0.0093551922133845444"
