"model","candidate","parameter_rule","parameter","fold","n_analysis","n_features","n","n_positive","n_negative","positive_rate","accuracy","balanced_accuracy","precision","recall","specificity","f1","roc_auc","average_precision","tp","tn","fp","fn","elapsed_seconds","selected"
"majority","prevalence","none",,1,26029,84,6508,1568,4940,"0.24093423478795328","0.75906576521204672","0.5",,"0","1","0","0.5","0.24093423478795328",0,4940,0,1568,"0.050000000000000711",TRUE
"majority","prevalence","none",,2,26029,84,6508,1568,4940,"0.24093423478795328","0.75906576521204672","0.5",,"0","1","0","0.5","0.24093423478795328",0,4940,0,1568,"0.020000000000010232",TRUE
"majority","prevalence","none",,3,26029,83,6508,1568,4940,"0.24093423478795328","0.75906576521204672","0.5",,"0","1","0","0.5","0.24093423478795328",0,4940,0,1568,"0.030000000000029559",TRUE
"majority","prevalence","none",,4,26030,84,6507,1568,4939,"0.2409712617181497","0.75902873828185036","0.5",,"0","1","0","0.5","0.2409712617181497",0,4939,0,1568,"0.029999999999972715",TRUE
"majority","prevalence","none",,5,26031,84,6506,1567,4939,"0.24085459575776205","0.75914540424223798","0.5",,"0","1","0","0.5","0.24085459575776205",0,4939,0,1567,"0.01999999999998181",TRUE
"logistic","lambda=1e-04","lambda","0.0001",1,26029,84,6508,1568,4940,"0.24093423478795328","0.84818684695759061","0.77092585515987766","0.71167883211678828","0.62181122448979587","0.92004048582995956","0.66371681415929207","0.90241972548128568","0.74256042062321848",975,4545,395,593,"1.3399999999999999",TRUE
"logistic","lambda=1e-04","lambda","0.0001",2,26029,84,6508,1568,4940,"0.24093423478795328","0.84419176398279039","0.75741112740642813","0.71373456790123457","0.58992346938775508","0.92489878542510118","0.64594972067039103","0.90284691811947448","0.73947548806917884",925,4569,371,643,"0.52000000000001023",TRUE
"logistic","lambda=1e-04","lambda","0.0001",3,26029,83,6508,1568,4940,"0.24093423478795328","0.84434542102028276","0.75598870114847561","0.71662763466042156","0.58545918367346939","0.92651821862348183","0.64443664443664439","0.90396815355696936","0.74653866585254858",918,4577,363,650,"1",TRUE
"logistic","lambda=1e-04","lambda","0.0001",4,26030,84,6507,1568,4939,"0.2409712617181497","0.8420162901490702","0.74945695908450438","0.71599999999999997","0.57079081632653061","0.92812310184247826","0.63520227111426542","0.89386884790360766","0.73404965710924208",895,4584,355,673,"0.77999999999997272",TRUE
"logistic","lambda=1e-04","lambda","0.0001",5,26031,84,6506,1567,4939,"0.24085459575776205","0.84460498001844453","0.7556157682759661","0.71821036106750391","0.58391831525207405","0.92731322129985827","0.64413938753959876","0.89376610344996443","0.73400912196061774",915,4580,359,652,"0.71000000000003638",TRUE
"tree","cp=5e-04","cp","0.00050000000000000001",1,26029,84,6508,1568,4940,"0.24093423478795328","0.86539643515673015","0.79009775468892007","0.76015037593984958","0.64477040816326525","0.93542510121457489","0.6977225672877847","0.8976568309510039","0.77949747905880773",1011,4621,319,557,"0.90000000000000213",TRUE
"tree","cp=5e-04","cp","0.00050000000000000001",2,26029,84,6508,1568,4940,"0.24093423478795328","0.86539643515673015","0.79358036230686602","0.75403817914831128","0.65497448979591832","0.93218623481781382","0.70102389078498295","0.89660995724200609","0.76646811909402934",1027,4605,335,541,"0.43999999999999773",TRUE
"tree","cp=5e-04","cp","0.00050000000000000001",3,26029,83,6508,1568,4940,"0.24093423478795328","0.85986478180700676","0.78231843344625296","0.74698795180722888","0.63265306122448983","0.9319838056680162","0.68508287292817682","0.8908627380608114","0.76646772145302955",992,4604,336,576,"0.82999999999998408",TRUE
"tree","cp=5e-04","cp","0.00050000000000000001",4,26030,84,6507,1568,4939,"0.2409712617181497","0.85661595205163665","0.76190364280962442","0.76883996613039796","0.57908163265306123","0.94472565296618749","0.66060385594761728","0.87512822247749067","0.73279303491220904",908,4666,273,660,"0.75",TRUE
"tree","cp=5e-04","cp","0.00050000000000000001",5,26031,84,6506,1567,4939,"0.24085459575776205","0.86335690132185672","0.7834335110427626","0.76197836166924271","0.62922782386726228","0.9376391982182628","0.68926948619363859","0.8903092521357886","0.76045876534847479",986,4631,308,581,"0.59999999999990905",TRUE
"forest","mtry=third","third","28",1,26029,84,6508,1568,4940,"0.24093423478795328","0.86555009219422252","0.79346391390564319","0.75496688741721851","0.65433673469387754","0.93259109311740895","0.70105910488554835","0.91752890553994881","0.80643704130804661",1026,4607,333,542,"53.310000000000009",TRUE
"forest","mtry=third","third","28",2,26029,84,6508,1568,4940,"0.24093423478795328","0.85971112476951439","0.78025825208625954","0.74980930587337913","0.62691326530612246","0.93360323886639673","0.68287599861062864","0.91185398248368177","0.79690691004472136",983,4612,328,585,"53.519999999999982",TRUE
"forest","mtry=third","third","27",3,26029,83,6508,1568,4940,"0.24093423478795328","0.86078672403196066","0.78532001363298354","0.74627976190476186","0.63966836734693877","0.9309716599190283","0.68887362637362637","0.91190994743038911","0.80199475497338357",1003,4599,341,565,"51.420000000000016",TRUE
"forest","mtry=third","third","28",4,26030,84,6507,1568,4939,"0.2409712617181497","0.85600122944521284","0.77455725152988908","0.74176245210727965","0.61734693877551017","0.9317675642842681","0.67386007657500868","0.90563038715182365","0.78639478581480204",968,4602,337,600,"111.38",TRUE
"forest","mtry=third","third","28",5,26031,84,6506,1567,4939,"0.24085459575776205","0.86520135259760222","0.78246987206910912","0.77337559429477021","0.6228462029355456","0.94209354120267264","0.68999646518204316","0.9120066340948596","0.80412076236162811",976,4653,286,591,"107.26999999999998",TRUE
"svm","cost=10","cost","10",1,26029,84,6508,1568,4940,"0.24093423478795328","0.84803318992009835","0.77191295546558703","0.70963070238957282","0.625","0.91882591093117405","0.66463207867073582","0.90184690779145671","0.74523299466937243",980,4539,401,588,"26.75",TRUE
"svm","cost=10","cost","10",2,26029,84,6508,1568,4940,"0.24093423478795328","0.84111862323294406","0.75146890233826324","0.70859375000000002","0.57844387755102045","0.92449392712550604","0.636938202247191","0.90029977071800382","0.73761138600016252",907,4567,373,661,"35.699999999999989",TRUE
"svm","cost=10","cost","10",3,26029,83,6508,1568,4940,"0.24093423478795328","0.84572833435771355","0.7586409361315376","0.71894409937888204","0.59056122448979587","0.92672064777327934","0.64845938375350143","0.90204740043790799","0.749078082398273",926,4578,362,642,"40.420000000000016",TRUE
"svm","cost=10","cost","10",4,26030,84,6507,1568,4939,"0.2409712617181497","0.83955739972337484","0.74870776793203619","0.70565149136577709","0.57334183673469385","0.92407369912937842","0.63265306122448983","0.88930578052237297","0.72789265626743849",899,4564,375,669,"45.529999999999973",TRUE
"svm","cost=10","cost","10",5,26031,84,6506,1567,4939,"0.24085459575776205","0.84737165693206273","0.75918076732692774","0.72562893081761004","0.58902361199744735","0.92933792265640813","0.65022895385699186","0.89299085085651841","0.73678904492597475",923,4590,349,644,"50.889999999999986",TRUE
