"model","outcome","count","percent"
"majority","TP","0","0"
"majority","TN","12415","76.376499538603511"
"majority","FP","0","0"
"majority","FN","3840","23.623500461396493"
"logistic","TP","2264","13.928022147031683"
"logistic","TN","11498","70.735158412796068"
"logistic","FP","917","5.6413411258074442"
"logistic","FN","1576","9.6954783143648111"
"tree","TP","2374","14.604737003998769"
"tree","TN","11673","71.811750230698252"
"tree","FP","742","4.5647493079052603"
"tree","FN","1466","9.0187634573977231"
"forest","TP","2397","14.746231928637343"
"forest","TN","11588","71.288834204860038"
"forest","FP","827","5.0876653337434634"
"forest","FN","1443","8.8772685327591514"
"svm","TP","2271","13.971085819747771"
"svm","TN","11514","70.833589664718545"
"svm","FP","901","5.542909873884958"
"svm","FN","1569","9.6524146416487238"
