"file","title","alt","interpretation","source_tables"
"01_performance_scorecard","Seven metrics give complementary views of performance","Five-model, seven-metric scorecard with numeric cell labels. Majority-baseline precision is gray and explicitly undefined.","Read a column down to compare models on that metric. Values across unlike metrics are not a composite ranking.","metrics.csv"
"02_classification_errors","False negatives outnumber false positives in every model","Two zero-based count panels show false positives and false negatives for all five models, including the zero-positive majority baseline.","Compare error types within a model, then compare models on the common count scale. Different actual-class sizes prevent reading counts as rates.","metrics.csv"
"03_improvement_over_baseline","Every trained model improves on the majority baseline","Separate panels compare accuracy gain in percentage points and relative error reduction in percent against the majority baseline.","The left panel measures absolute accuracy improvement; the right panel measures the fraction of baseline mistakes avoided. Units differ.","metrics.csv"
"04_precision_recall_tradeoff","Precision and recall describe the saved decisions","Four trained models appear as individually labeled precision-recall points at their saved thresholds. Undefined baseline precision is stated below.","Higher precision and recall describe this fixed decision rule. The chart does not tune thresholds or establish a superior threshold policy.","metrics.csv"
"05_probability_quality","Probability quality improves beyond the constant baseline","Two zero-based bar panels compare Brier score and log loss for the four models with probability outputs; SVM is explicitly excluded.","Lower values are better within each score. Probability quality includes both calibration and discrimination; clipping affects log loss.","metrics.csv; calibration.csv"
"06_calibration_gaps","Calibration gaps show overprediction and underprediction","Four faceted signed calibration-gap plots show occupied bins, sample-sized points, transformed Wilson intervals, and a zero-reference line.","Positive gaps indicate overprediction and negative gaps underprediction. Large intervals signal sparse bins; a constant baseline can match prevalence.","calibration.csv"
"07_hyperparameter_search","All 13 trained configurations in the validation search","Four model-family panels show all 13 trained configurations, five fold scores per configuration, their means, and explicit selected labels.","Selected means maximize the declared training-CV selection metric within each family. Fold spread is descriptive and selection-biased, not a confidence interval.","cv_metrics.csv; cv_summary.csv"
"08_subgroup_errors","Random forest errors vary across historical groups","Seven recorded sex and race groups have random-forest recall and false-positive-rate estimates, Wilson intervals, and metric-specific denominators.","Group estimates describe this historical sample. Inspect interval width and positive/negative denominators before comparing rates; this is not fairness certification.","subgroup_metrics.csv; cv_summary.csv"
"09_profile_sensitivity","Test results differ between seen and novel model profiles","Balanced accuracy and recall are compared for seen and novel model-input profiles across all five models, with both subset sample sizes stated.","The profile subsets differ in case mix and prevalence. Their differences do not isolate causality or show that matching records are the same people.","profile_sensitivity.csv; profile_overlap.csv"
"10_sample_composition","Sample retention and class balance define the denominators","Four zero-based panels show raw and retained training/test counts and the two income-class counts within each retained partition.","Each retention share is relative to raw rows, while class shares are relative to retained rows. Counts across these panels should not be summed.","data_audit.csv; cv_metrics.csv; metrics.csv"
