"key","value","unit"
"eligible_training_rows","32537","rows"
"eligible_test_rows","16255","rows"
"test_positive_rows","3840","rows"
"test_prevalence","0.23623500461396493","proportion"
"bootstrap_replicates","1000","replicates"
"bootstrap_clusters","16249","clusters"
"tree_minus_forest_accuracy_estimate","0.0038142110119963046","proportion_difference"
"tree_minus_forest_accuracy_lower","0.0001214643768292085","proportion_difference"
"tree_minus_forest_accuracy_upper","0.0075670791076178729","proportion_difference"
"tree_minus_forest_balanced_accuracy_estimate","0.00042848662572159135","proportion_difference"
"tree_minus_forest_balanced_accuracy_lower","-0.0052298097681795887","proportion_difference"
"tree_minus_forest_balanced_accuracy_upper","0.0062550870992462218","proportion_difference"
"tree_minus_forest_recall_estimate","-0.0059895833333333259","proportion_difference"
"tree_minus_forest_recall_lower","-0.016834054373370801","proportion_difference"
"tree_minus_forest_recall_upper","0.0046689960927559287","proportion_difference"
"tree_minus_forest_roc_auc_estimate","-0.018015903980400094","proportion_difference"
"tree_minus_forest_roc_auc_lower","-0.02241802021559354","proportion_difference"
"tree_minus_forest_roc_auc_upper","-0.01378999720314565","proportion_difference"
"tree_minus_forest_average_precision_estimate","-0.031855109568812878","proportion_difference"
"tree_minus_forest_average_precision_lower","-0.039499572128043378","proportion_difference"
"tree_minus_forest_average_precision_upper","-0.025341604955125999","proportion_difference"
"forest_minus_tree_fp","85","rows"
"forest_minus_tree_fn","-23","rows"
"forest_minus_tree_errors","62","rows"
