"package","version"
"MASS","7.3-65"
"Matrix","1.7-5"
"R6","2.6.1"
"RColorBrewer","1.1-3"
"Rcpp","1.1.2"
"RcppEigen","0.3.4.0.2"
"S7","0.2.2"
"class","7.3-23"
"cli","3.6.6"
"codetools","0.2-20"
"cpp11","0.5.5"
"e1071","1.7-17"
"farver","2.1.2"
"foreach","1.5.2"
"ggplot2","4.0.3"
"glmnet","5.1"
"glue","1.8.1"
"gtable","0.3.6"
"isoband","0.3.0"
"iterators","1.0.14"
"labeling","0.4.3"
"lattice","0.22-9"
"lifecycle","1.0.5"
"proxy","0.4-29"
"ranger","0.18.0"
"renv","1.3.1"
"rlang","1.3.0"
"rpart","4.1.27"
"scales","1.4.0"
"shape","1.4.6.1"
"survival","3.8-6"
"vctrs","0.7.3"
"viridisLite","0.4.3"
"withr","3.0.3"
