"role","file","bytes","md5"
"published_aggregate","docs/evidence/v2-full-2026-10-08/metrics.csv","1545","57fd6823e1643248069add6205ce1c24"
"published_aggregate","docs/evidence/v2-full-2026-10-08/data_audit.csv","401","1eb3957c5655fbdac14c7d371bbabd8e"
"published_aggregate","docs/evidence/v2-full-2026-10-08/cv_summary.csv","1415","73b216b726b46a95c46b3360d1fa0b7e"
"published_aggregate","docs/evidence/v2-full-2026-10-08/cv_metrics.csv","21378","f5b3300035b8c43fd614ae379947784a"
"published_aggregate","docs/evidence/v2-full-2026-10-08/calibration.csv","3442","f1f7d160a4b34e067bbb2649d93ebb51"
"published_aggregate","docs/evidence/v2-full-2026-10-08/subgroup_metrics.csv","14111","fac5cb79522fa66e6248b464aa52b3bd"
"published_aggregate","docs/evidence/v2-full-2026-10-08/profile_sensitivity.csv","2591","008c9ee40fb6bee5bb5da30a9b35cc4c"
"published_aggregate","docs/evidence/v2-full-2026-10-08/profile_overlap.csv","70","a8783a5531bafbeef7f85b39569af6fa"
"published_aggregate","docs/evidence/v2-full-2026-10-08/paired_differences.csv","3309","679a4941a561df3b883e975cef757fce"
"published_aggregate","docs/evidence/v2-full-2026-10-08/metric_intervals.csv","2279","da674a614547ba53c2db5760011215a5"
"published_aggregate","docs/evidence/v2-full-2026-10-08/bootstrap_design.csv","189","174a65cee06d6ed5e40a3b0a7c6c0540"
"published_manifest","docs/evidence/v2-full-2026-10-08/public_artifact_manifest.csv","2105","ead576069887a5eda6f6e749473a8753"
"summary_source","scripts/create_results_summary.R","8635","94afcf33ac790f8903ce88bc18dc9295"
"summary_source","scripts/verify_evidence.R","16324","3e39b7b7ac5d0d1180cb5446070c9a11"
"summary_source","scripts/render_evidence_figures.R","15110","058ea0a0545e139e6ec257862a8eac12"
"summary_source","R/plots.R","24182","0438d85f2d3e374638ff4fd67bfecc7e"
"summary_source","R/summary_statistics.R","20300","92155a33fd941696869a02d5379212c7"
"summary_source","R/summary_plots.R","30162","233ddc85729aea0453382b2a604a2604"
"summary_source","R/summary_report.R","14073","693399c015620d4e32ea44b909f52459"
"summary_source","renv.lock","69785","694d4c9b69dcbcea78f82e3e1e61e3d2"
