"model","attribute","group","metric","estimate","lower","upper","denominator","n"
"majority","sex","Female","recall","0","0","0.0064797405166901103",589,5414
"majority","sex","Male","recall","0","0","0.001180229166088469",3251,10841
"majority","race","Amer-Indian-Eskimo","recall","0","0","0.16817922405261618",19,159
"majority","race","Asian-Pac-Islander","recall","0","0","0.028072331688071651",133,479
"majority","race","Black","recall","0","0","0.021125318976251823",178,1560
"majority","race","Other","recall","0","0","0.13319225093904843",25,135
"majority","race","White","recall","0","1.0842021724855044e-19","0.0011010700446080521",3485,13922
"logistic","sex","Female","recall","0.49235993208828521","0.45216568849961375","0.53265318699215236",589,5414
"logistic","sex","Male","recall","0.60719778529683177","0.59029298215221582","0.62384955253595287",3251,10841
"logistic","race","Amer-Indian-Eskimo","recall","0.21052631578947367","0.085076766329162501","0.43334278443814156",19,159
"logistic","race","Asian-Pac-Islander","recall","0.66917293233082709","0.58544777433449091","0.74339993298909379",133,479
"logistic","race","Black","recall","0.46629213483146065","0.39449330228698082","0.53951514618332841",178,1560
"logistic","race","Other","recall","0.28000000000000003","0.14283853850956563","0.47576605190361576",25,135
"logistic","race","White","recall","0.59713055954088956","0.58074813738681386","0.61329908659591237",3485,13922
"tree","sex","Female","recall","0.54499151103565369","0.50461377564865051","0.58478617978872716",589,5414
"tree","sex","Male","recall","0.63149800061519534","0.61476953579053339","0.64791606988864059",3251,10841
"tree","race","Amer-Indian-Eskimo","recall","0.68421052631578949","0.46010407675327469","0.8463562091220771",19,159
"tree","race","Asian-Pac-Islander","recall","0.6992481203007519","0.61661644415217998","0.7706930778067087",133,479
"tree","race","Black","recall","0.5561797752808989","0.48277064146676202","0.6272152777493899",178,1560
"tree","race","Other","recall","0.47999999999999998","0.30031285954112974","0.66501483049643217",25,135
"tree","race","White","recall","0.61893830703012909","0.60269187147882342","0.6349228237673803",3485,13922
"forest","sex","Female","recall","0.57724957555178269","0.53698071620725141","0.61651732048711405",589,5414
"forest","sex","Male","recall","0.63272839126422642","0.61601004037507945","0.64913344231629733",3251,10841
"forest","race","Amer-Indian-Eskimo","recall","0.47368421052631576","0.27329805161179566","0.68292190754886817",19,159
"forest","race","Asian-Pac-Islander","recall","0.67669172932330823","0.59320598769745891","0.75025717328495167",133,479
"forest","race","Black","recall","0.56741573033707871","0.49396831934098867","0.63801478371839337",178,1560
"forest","race","Other","recall","0.35999999999999999","0.20247880774458224","0.55481502251835135",25,135
"forest","race","White","recall","0.62783357245337157","0.61165242372098105","0.6437332137511147",3485,13922
"svm","sex","Female","recall","0.49915110356536502","0.45890824410360043","0.53940496428437346",589,5414
"svm","sex","Male","recall","0.608120578283605","0.59122166757815986","0.62476427486916086",3251,10841
"svm","race","Amer-Indian-Eskimo","recall","0.21052631578947367","0.085076766329162501","0.43334278443814156",19,159
"svm","race","Asian-Pac-Islander","recall","0.67669172932330823","0.59320598769745891","0.75025717328495167",133,479
"svm","race","Black","recall","0.4550561797752809","0.38362083294244242","0.52839043168463651",178,1560
"svm","race","Other","recall","0.32000000000000001","0.17205190306907989","0.51589730726897765",25,135
"svm","race","White","recall","0.59913916786226684","0.58276786007247616","0.61529215731609654",3485,13922
"majority","sex","Female","false_positive_rate","0","0","0.00079552390639726868",4825,5414
"majority","sex","Male","false_positive_rate","0","0","0.00050586502780250204",7590,10841
"majority","race","Amer-Indian-Eskimo","false_positive_rate","0","1.7347234759768071e-18","0.026706200369412979",140,159
"majority","race","Asian-Pac-Islander","false_positive_rate","0","0","0.010980570552282668",346,479
"majority","race","Black","false_positive_rate","0","2.1684043449710089e-19","0.002771932385370459",1382,1560
"majority","race","Other","false_positive_rate","0","0","0.033743935298164177",110,135
"majority","race","White","false_positive_rate","0","0","0.0003679261710701257",10437,13922
"logistic","sex","Female","false_positive_rate","0.021968911917098446","0.018197394422887168","0.026500999728451824",4825,5414
"logistic","sex","Male","false_positive_rate","0.10685111989459815","0.10009901065040672","0.11400098967711966",7590,10841
"logistic","race","Amer-Indian-Eskimo","false_positive_rate","0.014285714285714285","0.003926440723442691","0.050588153921129919",140,159
"logistic","race","Asian-Pac-Islander","false_positive_rate","0.095375722543352595","0.068719932572166076","0.13091752336609735",346,479
"logistic","race","Black","false_positive_rate","0.034732272069464547","0.02629596950615843","0.045747955998607433",1382,1560
"logistic","race","Other","false_positive_rate","0.018181818181818181","0.0050003548753278955","0.063880164593812128",110,135
"logistic","race","White","false_positive_rate","0.079716393599693403","0.074673373886188832","0.085068679989330764",10437,13922
"tree","sex","Female","false_positive_rate","0.024663212435233162","0.020650537688059401","0.029432170738602634",4825,5414
"tree","sex","Male","false_positive_rate","0.08208168642951251","0.076115821221067831","0.088470372156584209",7590,10841
"tree","race","Amer-Indian-Eskimo","false_positive_rate","0.028571428571428571","0.011165776841333588","0.071157212078398646",140,159
"tree","race","Asian-Pac-Islander","false_positive_rate","0.10982658959537572","0.081067494088109204","0.14715433842378767",346,479
"tree","race","Black","false_positive_rate","0.026049204052098408","0.018874638029151732","0.035851289195765274",1382,1560
"tree","race","Other","false_positive_rate","0.018181818181818181","0.0050003548753278955","0.063880164593812128",110,135
"tree","race","White","false_positive_rate","0.063428188176679126","0.058910943647667746","0.068266685095933088",10437,13922
"forest","sex","Female","false_positive_rate","0.023005181347150259","0.019139157416270883","0.027630126840961583",4825,5414
"forest","sex","Male","false_positive_rate","0.094334650856389993","0.087962552795486773","0.1011171727435393",7590,10841
"forest","race","Amer-Indian-Eskimo","false_positive_rate","0.035714285714285712","0.015349715646256056","0.080877470411056002",140,159
"forest","race","Asian-Pac-Islander","false_positive_rate","0.10404624277456648","0.076105978639131988","0.14068210324331151",346,479
"forest","race","Black","false_positive_rate","0.028219971056439943","0.020711446223316745","0.038343980571562478",1382,1560
"forest","race","Other","false_positive_rate","0.018181818181818181","0.0050003548753278955","0.063880164593812128",110,135
"forest","race","White","false_positive_rate","0.071380664942033156","0.066597411161580078","0.076479319264075224",10437,13922
"svm","sex","Female","false_positive_rate","0.024041450777202072","0.020083140280403661","0.028757034082722285",4825,5414
"svm","sex","Male","false_positive_rate","0.10342555994729907","0.096774278541902806","0.11047806763298136",7590,10841
"svm","race","Amer-Indian-Eskimo","false_positive_rate","0.021428571428571429","0.0073140032567785944","0.061104788525373835",140,159
"svm","race","Asian-Pac-Islander","false_positive_rate","0.10115606936416185","0.073636192120959398","0.13743501444675743",346,479
"svm","race","Black","false_positive_rate","0.036903039073806078","0.028178434258440771","0.048194990816287309",1382,1560
"svm","race","Other","false_positive_rate","0.018181818181818181","0.0050003548753278955","0.063880164593812128",110,135
"svm","race","White","false_positive_rate","0.077608508192009193","0.072629493620787605","0.082898340531777803",10437,13922
