"file","sha256"
".gitignore","60b0f80d168ef62176ae12471a96f6d9f9dae57008cd490f61cc52c74bdefe3d"
"IncomeLevelPrediction.R","3f7b63c6962e7e236828de6e6e90e6232d7a4ee727c64650accf6a1b5c635ecc"
"README.md","c0c260e316a899ef132f1b895b73c536f5588bcdb8ef1ea3ca5341eef3b88ba4"
".github/workflows/check.yml","e236b18c751152b31bb532e58ef2e996798bef9b40c9f18bb452a1a63a67eead"
"data/README.md","9fa3720f0ecedbb5e7b42bfb0f2d66752a9622625fe93e95770326a5d51ac7b1"
"docs/CODE_REVIEW.md","b68adb87a9e3479e63ecc9f1e9981db6f0db8e8f30eec0f1d8f646ad618fab3e"
"docs/PORTFOLIO_HANDOFF.md","010c942e5eb4972ccdb681b75b851916280e4f02105119399ccd9b2dfb054fb8"
"docs/VALIDATION.md","96a10cabe110ab8c16cc1600fd718bbac03294e9ed7e1ac0ba46d4a9d075563d"
"docs/evidence/full-2026-10-08/data_audit.csv","333bdd1431ed53dcb299c57c8075de670c7f0104be27403d5d2ba518e6b2877e"
"docs/evidence/full-2026-10-08/input_manifest.csv","765f1828372e5c86820a9a01bdef0dd5ace82b84bda34bae3952cf6cb663a27b"
"docs/evidence/full-2026-10-08/metrics.csv","4473dcd51d3989e9eabd4d212742ee7936a0eabeedcb7030cfd1651b13c9052b"
"docs/evidence/full-2026-10-08/model_comparison.png","48ae354790580cd4c00ab8b0a04482a9fd910241c78dcc4da9549af8eedb021a"
"docs/evidence/full-2026-10-08/package_versions.csv","3eefd989bc51ada63afbfb7af6f11a330d0957843178517b0a3f330a79d1b15f"
"docs/evidence/full-2026-10-08/public_artifact_manifest.csv","bdfbdc9c784204ae2bee32d829b1736b5d38df7254528e42c94a87cf30dc1161"
"docs/evidence/full-2026-10-08/README.md","8c36115e6021c7f89a5e3d501d05749c3ff7fb2ee836f89fe71265573b8a9f37"
"docs/evidence/full-2026-10-08/report.md","7b069c1e098b7e0a83f442c4d9cee3918f929660abe4800c30c18634722e3504"
"docs/evidence/full-2026-10-08/roc_curves.png","cf411af82cd75c5c3472af482d7af6a6615d53c43d06f8dad083728970c4e878"
"docs/evidence/full-2026-10-08/run_config.txt","5fd89e736514b1c8f1cb117bae290923eee330791322e1a12d78320b2c19dc6b"
"docs/evidence/full-2026-10-08/selected_parameters.csv","87fd06118a6d9b68e2d8b68c34d372d765ba3e573e56c81748ba85723a3c6e82"
"docs/evidence/full-2026-10-08/source_manifest.csv","d9124f30ea6b19def0c7d83c45e283f96f88a8e6267199860edb546e318f47a2"
"docs/evidence/full-2026-10-08/subgroup_metrics.csv","47f20dde4902267a44ada991606851c3846edbd53fa70f0e32273f0c1e96f563"
"docs/evidence/full-2026-10-08/unseen_categories.csv","016dcdce3e514ebc37bac0c84d9c5f61634f8f2554217be868d97af78de542a5"
"docs/evidence/full-2026-10-08/validation_metrics.csv","551961de600388a1e45d1b33ec08bcf7b12f9b4855f958319445ab2fe41c026c"
"docs/evidence/full-2026-10-08/warnings.txt","27ddbb9feb1e2f376ff07c0712c1219600540083a43cc67a815381f509ef6c5d"
"R/data.R","78d0bf8584b9ce47fc92a5349788d15596caa4b2cbeebc5b43177a508f2c6453"
"R/models.R","0ee29711b13ded04662e26964a3245738b066ccf380a144c882b44926cd1ea43"
"R/pipeline.R","eaa6f8319f03a7af86c2034ba823fdbede275e63c12e3f987ab831ea2f2a2dba"
"scripts/export_evidence.R","bd425e42c83e3d2a53f8a29f77e8633eb450ffe81b15c0dd4006c83ae93ea2c6"
"scripts/install_dependencies.R","24135a2c90e67bc44d652a0d42d06f8a1b1d5cc1c7d74f58a32346574afd4702"
"tests/run_tests.R","4db0a9310c3b2d9dc888775291f5ab9714aabd1036093d611fc80cdb2c7ecba9"
